﻿<?xml version="1.0" encoding="UTF-8"?>
<!DOCTYPE catalogo SYSTEM "catalogo.dtd">
<catalogo>
    <libro categoria="ficcion" enstock="true" revisor="John Doe">
        <titulo>Esdsds</titulo>
        <autor>J.R.dsdsdsds</autor>
        <fecha>
            <mes>9</mes>
            <anyo>1958</anyo>
        </fecha>
    </libro>
    <libro categoria="autobiografia" enstock="false" revisor="Jane Smith">
        <titulo>sdsdk</titulo>
        <autor>Anne Frank</autor>
        <fecha>
            <mes>5</mes>
            <anyo>1978</anyo>
        </fecha>
    </libro>
</catalogo>